energy_carrier,mtco2e_per_pj
Coal,0.0912662583320897
Diesel,0.0700452016985466
Natural Gas,0.0503442541625621